_sequence,phase,step,cycle,steer_center_trim_dc,steer_clamped_deg,steer_cycle,steer_dc_center,steer_phase,steer_post_sign_deg,steer_pre_sign_deg,steer_pwm_dc,steer_requested_deg,steer_steering_direction_sign,steer_steering_limit_deg,steer_step,steer__tag,steer__line_no,motor_cycle,motor_neutral_dc,motor_phase,motor_pwm_dc,motor_reverse_mode,motor_speed_pct,motor_step,motor__tag,motor__line_no,front_clearance_m,front_min_m,heading_offset_deg,left_clearance_m,left_min_m,left_right_delta_m,right_clearance_m,right_min_m,scan_age_s,_tag,_line_no,active_heading_source,avoidance_heading_deg,centering_heading_deg,centering_weight,gap_heading_deg,speed_pct,steering_deg,steering_pre_servo_deg,target_heading_deg,pose_cycle,pose_distance_from_phase_start_m,pose_lateral_drift_m,pose_phase,pose_step,pose_x,pose_y,pose_yaw_change_deg,pose_yaw_deg,pose__tag,pose__line_no
0,steering_static,steer_left_static,1,0.0,-10.0,1,6.8,steering_static,-10.0,-10.0,5.8,-10.0,1.0,18.0,steer_left_static,DIAG_STEER,2,1,7.5,steering_static,7.5,False,0.0,steer_left_static,DIAG_MOTOR,3,,,-89,,,,,,,DIAG_NAV,5,,,,,,,,,,1,,,steering_static,steer_left_static,,,,,DIAG_POSE,6
1,steering_static,steer_left_static,2,0.0,-10.0,2,6.8,steering_static,-10.0,-10.0,5.8,-10.0,1.0,18.0,steer_left_static,DIAG_STEER,7,2,7.5,steering_static,7.5,False,0.0,steer_left_static,DIAG_MOTOR,8,,,-89,,,,,,,DIAG_NAV,10,,,,,,,,,,2,,,steering_static,steer_left_static,,,,,DIAG_POSE,11
2,steering_static,steer_left_static,3,0.0,-10.0,3,6.8,steering_static,-10.0,-10.0,5.8,-10.0,1.0,18.0,steer_left_static,DIAG_STEER,12,3,7.5,steering_static,7.5,False,0.0,steer_left_static,DIAG_MOTOR,13,,,-89,,,,,,,DIAG_NAV,15,,,,,,,,,,3,,,steering_static,steer_left_static,,,,,DIAG_POSE,16
3,steering_static,steer_left_static,4,0.0,-10.0,4,6.8,steering_static,-10.0,-10.0,5.8,-10.0,1.0,18.0,steer_left_static,DIAG_STEER,17,4,7.5,steering_static,7.5,False,0.0,steer_left_static,DIAG_MOTOR,18,,,-89,,,,,,,DIAG_NAV,20,,,,,,,,,,4,,,steering_static,steer_left_static,,,,,DIAG_POSE,21
4,steering_static,steer_left_static,5,0.0,-10.0,5,6.8,steering_static,-10.0,-10.0,5.8,-10.0,1.0,18.0,steer_left_static,DIAG_STEER,22,5,7.5,steering_static,7.5,False,0.0,steer_left_static,DIAG_MOTOR,23,,,-89,,,,,,,DIAG_NAV,25,,,,,,,,,,5,,,steering_static,steer_left_static,,,,,DIAG_POSE,26
5,steering_static,steer_left_static,6,0.0,-10.0,6,6.8,steering_static,-10.0,-10.0,5.8,-10.0,1.0,18.0,steer_left_static,DIAG_STEER,27,6,7.5,steering_static,7.5,False,0.0,steer_left_static,DIAG_MOTOR,28,,,-89,,,,,,,DIAG_NAV,30,,,,,,,,,,6,,,steering_static,steer_left_static,,,,,DIAG_POSE,31
6,steering_static,steer_left_static,7,0.0,-10.0,7,6.8,steering_static,-10.0,-10.0,5.8,-10.0,1.0,18.0,steer_left_static,DIAG_STEER,32,7,7.5,steering_static,7.5,False,0.0,steer_left_static,DIAG_MOTOR,33,,,-89,,,,,,,DIAG_NAV,35,,,,,,,,,,7,,,steering_static,steer_left_static,,,,,DIAG_POSE,36
7,steering_static,steer_left_static,8,0.0,-10.0,8,6.8,steering_static,-10.0,-10.0,5.8,-10.0,1.0,18.0,steer_left_static,DIAG_STEER,37,8,7.5,steering_static,7.5,False,0.0,steer_left_static,DIAG_MOTOR,38,,,-89,,,,,,,DIAG_NAV,40,,,,,,,,,,8,,,steering_static,steer_left_static,,,,,DIAG_POSE,41
8,steering_static,steer_left_static,9,0.0,-10.0,9,6.8,steering_static,-10.0,-10.0,5.8,-10.0,1.0,18.0,steer_left_static,DIAG_STEER,42,9,7.5,steering_static,7.5,False,0.0,steer_left_static,DIAG_MOTOR,43,,,-89,,,,,,,DIAG_NAV,45,,,,,,,,,,9,,,steering_static,steer_left_static,,,,,DIAG_POSE,46
9,steering_static,steer_left_static,10,0.0,-10.0,10,6.8,steering_static,-10.0,-10.0,5.8,-10.0,1.0,18.0,steer_left_static,DIAG_STEER,47,10,7.5,steering_static,7.5,False,0.0,steer_left_static,DIAG_MOTOR,48,,,-89,,,,,,,DIAG_NAV,50,,,,,,,,,,10,,,steering_static,steer_left_static,,,,,DIAG_POSE,51
10,steering_static,steer_left_static,11,0.0,-10.0,11,6.8,steering_static,-10.0,-10.0,5.8,-10.0,1.0,18.0,steer_left_static,DIAG_STEER,52,11,7.5,steering_static,7.5,False,0.0,steer_left_static,DIAG_MOTOR,53,,,-89,,,,,,,DIAG_NAV,55,,,,,,,,,,11,,,steering_static,steer_left_static,,,,,DIAG_POSE,56
11,steering_static,steer_left_static,12,0.0,-10.0,12,6.8,steering_static,-10.0,-10.0,5.8,-10.0,1.0,18.0,steer_left_static,DIAG_STEER,57,12,7.5,steering_static,7.5,False,0.0,steer_left_static,DIAG_MOTOR,58,,,-89,,,,,,,DIAG_NAV,60,,,,,,,,,,12,,,steering_static,steer_left_static,,,,,DIAG_POSE,61
12,steering_static,steer_left_static,13,0.0,-10.0,13,6.8,steering_static,-10.0,-10.0,5.8,-10.0,1.0,18.0,steer_left_static,DIAG_STEER,62,13,7.5,steering_static,7.5,False,0.0,steer_left_static,DIAG_MOTOR,63,,,-89,,,,,,,DIAG_NAV,65,,,,,,,,,,13,,,steering_static,steer_left_static,,,,,DIAG_POSE,66
13,steering_static,steer_center_static,14,0.0,0.0,14,6.8,steering_static,0.0,0.0,6.8,0.0,1.0,18.0,steer_center_static,DIAG_STEER,67,14,7.5,steering_static,7.5,False,0.0,steer_center_static,DIAG_MOTOR,68,,,-89,,,,,,,DIAG_NAV,70,,,,,,,,,,14,,,steering_static,steer_center_static,,,,,DIAG_POSE,71
14,steering_static,steer_center_static,15,0.0,0.0,15,6.8,steering_static,0.0,0.0,6.8,0.0,1.0,18.0,steer_center_static,DIAG_STEER,72,15,7.5,steering_static,7.5,False,0.0,steer_center_static,DIAG_MOTOR,73,,,-89,,,,,,,DIAG_NAV,75,,,,,,,,,,15,,,steering_static,steer_center_static,,,,,DIAG_POSE,76
15,steering_static,steer_center_static,16,0.0,0.0,16,6.8,steering_static,0.0,0.0,6.8,0.0,1.0,18.0,steer_center_static,DIAG_STEER,77,16,7.5,steering_static,7.5,False,0.0,steer_center_static,DIAG_MOTOR,78,,,-89,,,,,,,DIAG_NAV,80,,,,,,,,,,16,,,steering_static,steer_center_static,,,,,DIAG_POSE,81
16,steering_static,steer_center_static,17,0.0,0.0,17,6.8,steering_static,0.0,0.0,6.8,0.0,1.0,18.0,steer_center_static,DIAG_STEER,82,17,7.5,steering_static,7.5,False,0.0,steer_center_static,DIAG_MOTOR,83,,,-89,,,,,,,DIAG_NAV,85,,,,,,,,,,17,,,steering_static,steer_center_static,,,,,DIAG_POSE,86
17,steering_static,steer_center_static,18,0.0,0.0,18,6.8,steering_static,0.0,0.0,6.8,0.0,1.0,18.0,steer_center_static,DIAG_STEER,87,18,7.5,steering_static,7.5,False,0.0,steer_center_static,DIAG_MOTOR,88,,,-89,,,,,,,DIAG_NAV,90,,,,,,,,,,18,,,steering_static,steer_center_static,,,,,DIAG_POSE,91
18,steering_static,steer_center_static,19,0.0,0.0,19,6.8,steering_static,0.0,0.0,6.8,0.0,1.0,18.0,steer_center_static,DIAG_STEER,92,19,7.5,steering_static,7.5,False,0.0,steer_center_static,DIAG_MOTOR,93,0.0,,-89,0.6015939712524414,0.6015939712524414,0.6015939712524414,0.0,0.0,0.038691514,DIAG_NAV,95,gap,0.0,0.0,0.0,39.0,0.0,13.649999999999999,13.649999999999999,39.0,19,,,steering_static,steer_center_static,,,,,DIAG_POSE,96
19,steering_static,steer_center_static,20,0.0,0.0,20,6.8,steering_static,0.0,0.0,6.8,0.0,1.0,18.0,steer_center_static,DIAG_STEER,97,20,7.5,steering_static,7.5,False,0.0,steer_center_static,DIAG_MOTOR,98,1.7193832397460938,1.5682499408721924,-89,0.7091709768772125,0.44586291909217834,0.5261370437811403,0.18303393309607224,0.09329082816839218,0.008615265,DIAG_NAV,100,avoidance,8.814302273094654,9.470466788060527,0.0,4.0,22.560330628727872,3.085005795583129,3.085005795583129,8.814302273094654,20,,,steering_static,steer_center_static,,,,,DIAG_POSE,101
20,steering_static,steer_center_static,21,0.0,0.0,21,6.8,steering_static,0.0,0.0,6.8,0.0,1.0,18.0,steer_center_static,DIAG_STEER,102,21,7.5,steering_static,7.5,False,0.0,steer_center_static,DIAG_MOTOR,103,1.7193832397460938,1.5682499408721924,-89,0.7091709768772125,0.44586291909217834,0.5261370437811403,0.18303393309607224,0.09329082816839218,0.10861297900000001,DIAG_NAV,105,avoidance,8.814302273094654,9.470466788060527,0.0,4.0,22.560330628727872,3.085005795583129,3.085005795583129,8.814302273094654,21,0.0,0.0,steering_static,steer_center_static,0.0,0.0,0.0,0.0,DIAG_POSE,106
21,steering_static,steer_center_static,22,0.0,0.0,22,6.8,steering_static,0.0,0.0,6.8,0.0,1.0,18.0,steer_center_static,DIAG_STEER,107,22,7.5,steering_static,7.5,False,0.0,steer_center_static,DIAG_MOTOR,108,1.7058254146575929,1.5102499723434448,-89,0.5922725849681431,0.44668808579444885,0.4103913640664294,0.18188122090171366,0.09304339438676834,0.07350409200000001,DIAG_NAV,110,avoidance,8.841117285192013,7.387044553195729,0.0,5.0,22.55595084341864,3.0943910498172045,3.0943910498172045,8.841117285192013,22,0.0,0.0,steering_static,steer_center_static,0.0,0.0,0.0,0.0,DIAG_POSE,111
22,steering_static,steer_center_static,23,0.0,0.0,23,6.8,steering_static,0.0,0.0,6.8,0.0,1.0,18.0,steer_center_static,DIAG_STEER,112,23,7.5,steering_static,7.5,False,0.0,steer_center_static,DIAG_MOTOR,113,1.7265496204296749,1.5809999704360962,-89,0.6027442365884781,0.44613751769065857,0.42166648381480987,0.18107775277366825,0.092962846159935,0.053033762000000005,DIAG_NAV,115,avoidance,8.82936678826809,7.589996708666577,0.0,2.0,22.557870091249548,3.0902783758938313,3.0902783758938313,8.82936678826809,23,0.0,0.0,steering_static,steer_center_static,0.0,0.0,0.0,0.0,DIAG_POSE,116
23,steering_static,steer_center_static,24,0.0,0.0,24,6.8,steering_static,0.0,0.0,6.8,0.0,1.0,18.0,steer_center_static,DIAG_STEER,117,24,7.5,steering_static,7.5,False,0.0,steer_center_static,DIAG_MOTOR,118,1.7347684899965923,1.6377500295639038,-89,0.604082302554794,0.4448348581790924,0.4233244461565575,0.18075785639823652,0.09337054193019867,0.031798197,DIAG_NAV,120,avoidance,8.786607906222343,7.619840030818035,0.0,5.0,22.564854041983683,3.07531276717782,3.07531276717782,8.786607906222343,24,0.0,0.0,steering_static,steer_center_static,0.0,0.0,0.0,0.0,DIAG_POSE,121
24,steering_static,steer_center_static,25,0.0,0.0,25,6.8,steering_static,0.0,0.0,6.8,0.0,1.0,18.0,steer_center_static,DIAG_STEER,122,25,7.5,steering_static,7.5,False,0.0,steer_center_static,DIAG_MOTOR,123,1.7300514876842499,1.6119999885559082,-89,0.593863515721427,0.44584599137306213,0.4133558527414315,0.18050766297999551,0.09322596341371536,0.048501295,DIAG_NAV,125,avoidance,8.81550069898367,7.440405349345767,0.0,3.0,22.560134885832667,3.0854252446442842,3.0854252446442842,8.81550069898367,25,0.0,0.0,steering_static,steer_center_static,0.0,0.0,0.0,0.0,DIAG_POSE,126
25,steering_static,steer_center_static,26,0.0,0.0,26,6.8,steering_static,0.0,0.0,6.8,0.0,1.0,18.0,steer_center_static,DIAG_STEER,127,26,7.5,steering_static,7.5,False,0.0,steer_center_static,DIAG_MOTOR,128,1.7258376876513164,1.6119999885559082,-89,0.592167294687695,0.44691118597984314,0.41298522805076804,0.17918206663692698,0.09260965138673782,0.0460087,DIAG_NAV,130,avoidance,8.857538364827633,7.433734104913825,0.0,4.0,22.553268733744822,3.1001384276896715,3.1001384276896715,8.857538364827633,26,0.0,0.0,steering_static,steer_center_static,0.0,0.0,0.0,0.0,DIAG_POSE,131
26,steering_static,steer_right_static,27,0.0,10.0,27,6.8,steering_static,10.0,10.0,7.8,10.0,1.0,18.0,steer_right_static,DIAG_STEER,132,27,7.5,steering_static,7.5,False,0.0,steer_right_static,DIAG_MOTOR,133,1.7109424543380738,1.5405000448226929,-89,0.5922206713093652,0.4468294680118561,0.4132413792356946,0.17897929207367055,0.09258250147104263,0.043892991000000006,DIAG_NAV,135,avoidance,8.856174163520336,7.438344826242503,0.0,1.0,22.55349155329168,3.0996609572321177,3.0996609572321177,8.856174163520336,27,0.0,0.0,steering_static,steer_right_static,0.0,0.0,0.0,0.0,DIAG_POSE,136
27,steering_static,steer_right_static,28,0.0,10.0,28,6.8,steering_static,10.0,10.0,7.8,10.0,1.0,18.0,steer_right_static,DIAG_STEER,137,28,7.5,steering_static,7.5,False,0.0,steer_right_static,DIAG_MOTOR,138,1.707060136795044,1.5405000448226929,-89,0.5910907361242507,0.44836050271987915,0.4120461201356128,0.17904461598863788,0.09298424422740936,0.06174992000000001,DIAG_NAV,140,avoidance,8.884406462311745,7.41683016244103,0.0,6.0,22.548880277822416,3.1095422618091106,3.1095422618091106,8.884406462311745,28,0.0,0.0,steering_static,steer_right_static,0.0,0.0,0.0,0.0,DIAG_POSE,141
28,steering_static,steer_right_static,29,0.0,10.0,29,6.8,steering_static,10.0,10.0,7.8,10.0,1.0,18.0,steer_right_static,DIAG_STEER,142,29,7.5,steering_static,7.5,False,0.0,steer_right_static,DIAG_MOTOR,143,1.7251311192909877,1.5994999408721924,-89,0.6057532112235609,0.4477095603942871,0.4263811815158486,0.1793720297077123,0.09303971379995346,0.064308426,DIAG_NAV,145,avoidance,8.866746164858341,7.674861267285275,0.0,6.0,22.551764793073136,3.1033611577004194,3.1033611577004194,8.866746164858341,29,0.0,0.0,steering_static,steer_right_static,0.0,0.0,0.0,0.0,DIAG_POSE,146
29,steering_static,steer_right_static,30,0.0,10.0,30,6.8,steering_static,10.0,10.0,7.8,10.0,1.0,18.0,steer_right_static,DIAG_STEER,147,30,7.5,steering_static,7.5,False,0.0,steer_right_static,DIAG_MOTOR,148,1.72458915412426,1.5994999408721924,-89,0.6342050242931285,0.4468095898628235,0.4549129625435019,0.1792920617496266,0.09307924658060074,0.046993541,DIAG_NAV,150,avoidance,8.843258582055569,8.188433325783034,0.0,4.0,22.55560109826426,3.095140503719449,3.095140503719449,8.843258582055569,30,0.0,0.0,steering_static,steer_right_static,0.0,0.0,0.0,0.0,DIAG_POSE,151
30,steering_static,steer_right_static,31,0.0,10.0,31,6.8,steering_static,10.0,10.0,7.8,10.0,1.0,18.0,steer_right_static,DIAG_STEER,152,31,7.5,steering_static,7.5,False,0.0,steer_right_static,DIAG_MOTOR,153,1.7160555024941762,1.566499948501587,-89,0.5870744071223519,0.4439943730831146,0.40778545314137316,0.1792889539809788,0.09261821210384369,0.008384847,DIAG_NAV,155,avoidance,8.784404024481773,7.340138156544716,0.0,4.0,22.565214009334642,3.0745414085686207,3.0745414085686207,8.784404024481773,31,0.0,0.0,steering_static,steer_right_static,0.0,0.0,0.0,0.0,DIAG_POSE,156
31,steering_static,steer_right_static,32,0.0,10.0,32,6.8,steering_static,10.0,10.0,7.8,10.0,1.0,18.0,steer_right_static,DIAG_STEER,157,32,7.5,steering_static,7.5,False,0.0,steer_right_static,DIAG_MOTOR,158,1.7284483512242634,1.6017500162124634,-89,0.5976530624760522,0.44582945108413696,0.42025600871424273,0.17739705376180948,0.09265584498643875,0.031131129,DIAG_NAV,160,avoidance,8.829340152442455,7.5646081568563694,0.0,2.0,22.55787444176773,3.0902690533548594,3.0902690533548594,8.829340152442455,32,0.0,0.0,steering_static,steer_right_static,0.0,0.0,0.0,0.0,DIAG_POSE,161
32,steering_static,steer_right_static,33,0.0,10.0,33,6.8,steering_static,10.0,10.0,7.8,10.0,1.0,18.0,steer_right_static,DIAG_STEER,162,33,7.5,steering_static,7.5,False,0.0,steer_right_static,DIAG_MOTOR,163,1.7222340901692708,1.6017500162124634,-89,0.5937190804216597,0.4457946717739105,0.41520633859182493,0.17851274182983473,0.09304969757795334,0.029210836,DIAG_NAV,165,avoidance,8.81862435489893,7.473714094652848,0.0,5.0,22.55962468869984,3.0865185242146254,3.0865185242146254,8.81862435489893,33,0.0,0.0,steering_static,steer_right_static,0.0,0.0,0.0,0.0,DIAG_POSE,166
33,steering_static,steer_right_static,34,0.0,10.0,34,6.8,steering_static,10.0,10.0,7.8,10.0,1.0,18.0,steer_right_static,DIAG_STEER,167,34,7.5,steering_static,7.5,False,0.0,steer_right_static,DIAG_MOTOR,168,1.71632482111454,1.6022499799728394,-89,0.5952382816208733,0.44605955481529236,0.4179013555053792,0.17733692611549415,0.09349603205919266,0.053031351000000004,DIAG_NAV,170,avoidance,8.814088068902493,7.522224399096826,0.0,5.0,22.560365615412593,3.0849308241158724,3.0849308241158724,8.814088068902493,34,0.0,0.0,steering_static,steer_right_static,0.0,0.0,0.0,0.0,DIAG_POSE,171
34,steering_static,steer_right_static,35,0.0,10.0,35,6.8,steering_static,10.0,10.0,7.8,10.0,1.0,18.0,steer_right_static,DIAG_STEER,172,35,7.5,steering_static,7.5,False,0.0,steer_right_static,DIAG_MOTOR,173,1.7242711931467056,1.6022499799728394,-89,0.6059720231139142,0.44785958528518677,0.4276024466737762,0.17836957644013798,0.09314846992492676,0.07033597600000001,DIAG_NAV,175,avoidance,8.8677778840065,7.6968440401279725,0.0,3.0,22.551596278945603,3.103722259402275,3.103722259402275,8.8677778840065,35,0.0,0.0,steering_static,steer_right_static,0.0,0.0,0.0,0.0,DIAG_POSE,176
35,steering_static,steer_right_static,36,0.0,10.0,36,6.8,steering_static,10.0,10.0,7.8,10.0,1.0,18.0,steer_right_static,DIAG_STEER,177,36,7.5,steering_static,7.5,False,0.0,steer_right_static,DIAG_MOTOR,178,1.7242711931467056,1.6022499799728394,-89,0.6059720231139142,0.44785958528518677,0.4276024466737762,0.17836957644013798,0.09314846992492676,0.20175150400000003,DIAG_NAV,180,avoidance,8.8677778840065,7.6968440401279725,0.0,3.0,22.551596278945603,3.103722259402275,3.103722259402275,8.8677778840065,36,0.0,0.0,steering_static,steer_right_static,0.0,0.0,0.0,0.0,DIAG_POSE,181
36,steering_static,steer_right_static,37,0.0,10.0,37,6.8,steering_static,10.0,10.0,7.8,10.0,1.0,18.0,steer_right_static,DIAG_STEER,182,37,7.5,steering_static,7.5,False,0.0,steer_right_static,DIAG_MOTOR,183,1.7208634267250698,1.5982500314712524,-89,0.598229193687439,0.4484799802303314,0.41977796575018006,0.17845122793725893,0.09226340055465698,0.019548449000000002,DIAG_NAV,185,avoidance,8.905414491891861,7.556003383503241,0.0,5.0,22.54544896632433,3.1168950721621513,3.1168950721621513,8.905414491891861,37,0.0,0.0,steering_static,steer_right_static,0.0,0.0,0.0,0.0,DIAG_POSE,186
37,steering_static,steer_right_static,38,0.0,10.0,38,6.8,steering_static,10.0,10.0,7.8,10.0,1.0,18.0,steer_right_static,DIAG_STEER,187,38,7.5,steering_static,7.5,False,0.0,steer_right_static,DIAG_MOTOR,188,1.7188243319590886,1.5982500314712524,-89,0.5939472628964318,0.44531476497650146,0.4132957103595235,0.18065155253690832,0.09214925765991211,0.042234061,DIAG_NAV,190,avoidance,8.829137682914734,7.439322786471423,0.0,1.0,22.557907511790592,3.090198189020157,3.090198189020157,8.829137682914734,38,0.0,0.0,steering_static,steer_right_static,0.0,0.0,0.0,0.0,DIAG_POSE,191
38,steering_static,steer_right_static,39,0.0,10.0,39,6.8,steering_static,10.0,10.0,7.8,10.0,1.0,18.0,steer_right_static,DIAG_STEER,192,39,7.5,steering_static,7.5,False,0.0,steer_right_static,DIAG_MOTOR,193,1.742996563082156,1.6575000286102295,-89,0.594970143503613,0.445345938205719,0.4164707874453146,0.17849935605829836,0.09239925444126129,0.06559192500000001,DIAG_NAV,195,avoidance,8.823667094111443,7.496474174015663,0.0,6.0,22.558801041295133,3.088283482939005,3.088283482939005,8.823667094111443,39,0.0,0.0,steering_static,steer_right_static,0.0,0.0,0.0,0.0,DIAG_POSE,196
39,steering_static,steer_center_static_end,40,0.0,0.0,40,6.8,steering_static,0.0,0.0,6.8,0.0,1.0,18.0,steer_center_static_end,DIAG_STEER,197,40,7.5,steering_static,7.5,False,0.0,steer_center_static_end,DIAG_MOTOR,198,1.7080528835455577,1.5355000495910645,-89,0.5968387921651205,0.4454416334629059,0.41682504395059516,0.18001374821452534,0.09331746399402618,0.012657598,DIAG_NAV,200,avoidance,8.803104236721992,7.502850791110713,0.0,4.0,22.56215964133541,3.0810864828526974,3.0810864828526974,8.803104236721992,40,0.0,0.0,steering_static,steer_center_static_end,0.0,0.0,0.0,0.0,DIAG_POSE,201
40,steering_static,steer_center_static_end,41,0.0,0.0,41,6.8,steering_static,0.0,0.0,6.8,0.0,1.0,18.0,steer_center_static_end,DIAG_STEER,202,41,7.5,steering_static,7.5,False,0.0,steer_center_static_end,DIAG_MOTOR,203,1.7129260847965877,1.5355000495910645,-89,0.5991127358542548,0.448722779750824,0.4230414142990424,0.17607132155521243,0.09265625476837158,0.035551534,DIAG_NAV,205,avoidance,8.90166312456131,7.614745457382764,0.0,2.0,22.546061689654987,3.1155820935964584,3.1155820935964584,8.90166312456131,41,0.0,0.0,steering_static,steer_center_static_end,0.0,0.0,0.0,0.0,DIAG_POSE,206
41,steering_static,steer_center_static_end,42,0.0,0.0,42,6.8,steering_static,0.0,0.0,6.8,0.0,1.0,18.0,steer_center_static_end,DIAG_STEER,207,42,7.5,steering_static,7.5,False,0.0,steer_center_static_end,DIAG_MOTOR,208,1.7129260847965877,1.5355000495910645,-89,0.5991127358542548,0.448722779750824,0.4230414142990424,0.17607132155521243,0.09265625476837158,0.180063254,DIAG_NAV,210,avoidance,8.90166312456131,7.614745457382764,0.0,2.0,22.546061689654987,3.1155820935964584,3.1155820935964584,8.90166312456131,42,0.0,0.0,steering_static,steer_center_static_end,0.0,0.0,0.0,0.0,DIAG_POSE,211
42,steering_static,steer_center_static_end,43,0.0,0.0,43,6.8,steering_static,0.0,0.0,6.8,0.0,1.0,18.0,steer_center_static_end,DIAG_STEER,212,43,7.5,steering_static,7.5,False,0.0,steer_center_static_end,DIAG_MOTOR,213,1.7148558348417282,1.5457500219345093,-89,0.5979651868343353,0.44610974192619324,0.4187450760719823,0.17922011076235303,0.09354355186223984,0.0042716030000000006,DIAG_NAV,215,avoidance,8.814154751598835,7.537411369295682,0.0,5.0,22.560354723905522,3.0849541630595922,3.0849541630595922,8.814154751598835,43,0.0,0.0,steering_static,steer_center_static_end,0.0,0.0,0.0,0.0,DIAG_POSE,216
43,steering_static,steer_center_static_end,44,0.0,0.0,44,6.8,steering_static,0.0,0.0,6.8,0.0,1.0,18.0,steer_center_static_end,DIAG_STEER,217,44,7.5,steering_static,7.5,False,0.0,steer_center_static_end,DIAG_MOTOR,218,1.7067933231592178,1.5457500219345093,-89,0.598924434847302,0.44589337706565857,0.42215151943607276,0.17677291541122922,0.09291118383407593,0.028918506,DIAG_NAV,220,avoidance,8.824554830789566,7.59872734984931,0.0,5.0,22.55865604430437,3.088594190776348,3.088594190776348,8.824554830789566,44,0.0,0.0,steering_static,steer_center_static_end,0.0,0.0,0.0,0.0,DIAG_POSE,221
44,steering_static,steer_center_static_end,45,0.0,0.0,45,6.8,steering_static,0.0,0.0,6.8,0.0,1.0,18.0,steer_center_static_end,DIAG_STEER,222,45,7.5,steering_static,7.5,False,0.0,steer_center_static_end,DIAG_MOTOR,223,1.717117781440417,1.5577499866485596,-89,0.5960926896995968,0.44536519050598145,0.4174837823494587,0.17860890735013812,0.09322572499513626,0.051457702,DIAG_NAV,225,avoidance,8.80348663777113,7.514708082290257,0.0,5.0,22.562097182497382,3.0812203232198954,3.0812203232198954,8.80348663777113,45,0.0,0.0,steering_static,steer_center_static_end,0.0,0.0,0.0,0.0,DIAG_POSE,226
45,steering_static,steer_center_static_end,46,0.0,0.0,46,6.8,steering_static,0.0,0.0,6.8,0.0,1.0,18.0,steer_center_static_end,DIAG_STEER,227,46,7.5,steering_static,7.5,False,0.0,steer_center_static_end,DIAG_MOTOR,228,1.7173613508542378,1.5577499866485596,-89,0.5968047287729051,0.4458984434604645,0.42027120197715323,0.1765335267957519,0.09281570464372635,0.07322514100000001,DIAG_NAV,230,avoidance,8.827068470418453,7.564881635588758,0.0,5.0,22.55824548316499,3.0894739646464586,3.0894739646464586,8.827068470418453,46,0.0,0.0,steering_static,steer_center_static_end,0.0,0.0,0.0,0.0,DIAG_POSE,231
46,steering_static,steer_center_static_end,47,0.0,0.0,47,6.8,steering_static,0.0,0.0,6.8,0.0,1.0,18.0,steer_center_static_end,DIAG_STEER,232,47,7.5,steering_static,7.5,False,0.0,steer_center_static_end,DIAG_MOTOR,233,1.7215149650971096,1.5720000267028809,-89,0.5958120299710168,0.446397066116333,0.41844109458471435,0.17737093538630241,0.09310058504343033,0.020153551000000002,DIAG_NAV,235,avoidance,8.832412026822567,7.531939702524858,0.0,5.0,22.557372702285647,3.0913442093878984,3.0913442093878984,8.832412026822567,47,0.0,0.0,steering_static,steer_center_static_end,0.0,0.0,0.0,0.0,DIAG_POSE,236
47,steering_static,steer_center_static_end,48,0.0,0.0,48,6.8,steering_static,0.0,0.0,6.8,0.0,1.0,18.0,steer_center_static_end,DIAG_STEER,237,48,7.5,steering_static,7.5,False,0.0,steer_center_static_end,DIAG_MOTOR,238,1.7215149650971096,1.5720000267028809,-89,0.5958120299710168,0.446397066116333,0.41844109458471435,0.17737093538630241,0.09310058504343033,0.162546239,DIAG_NAV,240,avoidance,8.832412026822567,7.531939702524858,0.0,5.0,22.557372702285647,3.0913442093878984,3.0913442093878984,8.832412026822567,48,0.0,0.0,steering_static,steer_center_static_end,0.0,0.0,0.0,0.0,DIAG_POSE,241
48,steering_static,steer_center_static_end,49,0.0,0.0,49,6.8,steering_static,0.0,0.0,6.8,0.0,1.0,18.0,steer_center_static_end,DIAG_STEER,242,49,7.5,steering_static,7.5,False,0.0,steer_center_static_end,DIAG_MOTOR,243,1.7338251134623652,1.6365000009536743,-89,0.5985718184047275,0.44747206568717957,0.4222165374000088,0.1763552810047187,0.0929381251335144,0.033086474000000005,DIAG_NAV,245,avoidance,8.863348513841629,7.599897673200158,0.0,4.0,22.5523197427392,3.10217197984457,3.10217197984457,8.863348513841629,49,0.0,0.0,steering_static,steer_center_static_end,0.0,0.0,0.0,0.0,DIAG_POSE,246
49,steering_static,steer_center_static_end,50,0.0,0.0,50,6.8,steering_static,0.0,0.0,6.8,0.0,1.0,18.0,steer_center_static_end,DIAG_STEER,247,50,7.5,steering_static,7.5,False,0.0,steer_center_static_end,DIAG_MOTOR,248,1.7418528484261555,1.6610000133514404,-89,0.5939802553918626,0.44519713521003723,0.4157871751711259,0.1781930802207367,0.09300544857978821,0.014198278000000002,DIAG_NAV,250,avoidance,8.804792165756226,7.484169153080266,0.0,4.0,22.561883946259815,3.081677258014679,3.081677258014679,8.804792165756226,50,0.0,0.0,steering_static,steer_center_static_end,0.0,0.0,0.0,0.0,DIAG_POSE,251
50,steering_static,steer_center_static_end,51,0.0,0.0,51,6.8,steering_static,0.0,0.0,6.8,0.0,1.0,18.0,steer_center_static_end,DIAG_STEER,252,51,7.5,steering_static,7.5,False,0.0,steer_center_static_end,DIAG_MOTOR,253,1.7182993094126384,1.5579999685287476,-89,0.5949888653225369,0.4471103250980377,0.417213620527897,0.17777524479463988,0.0924295112490654,0.037025598,DIAG_NAV,255,avoidance,8.867020346224308,7.509845169502146,0.0,2.0,22.551720010116696,3.103457121178508,3.103457121178508,8.867020346224308,51,0.0,0.0,steering_static,steer_center_static_end,0.0,0.0,0.0,0.0,DIAG_POSE,256
51,steering_static,steer_center_static_end,52,0.0,0.0,52,6.8,steering_static,0.0,0.0,6.8,0.0,1.0,18.0,steer_center_static_end,DIAG_STEER,257,52,7.5,steering_static,7.5,False,0.0,steer_center_static_end,DIAG_MOTOR,258,1.718074768781662,1.5579999685287476,-89,0.5961694399515788,0.4475557506084442,0.41776754274672157,0.17840189720485725,0.09304676949977875,0.060538654000000004,DIAG_NAV,260,avoidance,8.862724527716637,7.519815769440989,0.0,5.0,22.552421660472948,3.101953584700823,3.101953584700823,8.862724527716637,52,0.0,0.0,steering_static,steer_center_static_end,0.0,0.0,0.0,0.0,DIAG_POSE,261
